"policyholder_id,first_name,last_name,dob,gender,contact_number,email"
"1,John,Doe,1980-01-15,Male,123-456-7890,john.doe@email.com"
"2,Jane,Smith,1985-03-22,Female,987-654-3210,jane.smith@email.com"
"3,Michael,Johnson,1978-08-10,Male,555-123-4567,michael.j@email.com"
"4,Alice,Williams,1992-05-18,Female,333-999-8888,alice.w@email.com"
"5,Robert,Johnson,1987-12-01,Male,777-111-2222,robert.j@email.com"
"6,Emily,Miller,1995-09-28,Female,444-555-6666,emily.m@email.com"
"7,David,Anderson,1982-07-03,Male,888-444-3333,david.a@email.com"
"8,Susan,Brown,1990-04-12,Female,222-777-9999,susan.b@email.com"
"9,Christopher,White,1989-11-05,Male,111-333-4444,chris.w@email.com"
"10,Amy,Johnson,1983-06-20,Female,666-555-4444,amy.j@email.com"
"11,Michaela,Smith,1986-02-15,Female,555-777-8888,michaela.s@email.com"
"12,Andrew,Williams,1984-10-08,Male,444-666-7777,andrew.w@email.com"
"13,Brian,Davis,1991-03-25,Male,888-999-7777,brian.d@email.com"
"14,Caroline,Moore,1980-08-12,Female,333-555-6666,caroline.m@email.com"
"15,James,Johnson,1987-01-30,Male,111-222-3333,james.j@email.com"
"16,Laura,Miller,1994-06-05,Female,777-444-2222,laura.m@email.com"
"17,Matthew,Brown,1982-09-18,Male,555-666-7777,matthew.b@email.com"
"18,Megan,Smith,1993-04-03,Female,222-333-4444,megan.s@email.com"
"19,Daniel,Anderson,1988-11-28,Male,666-888-9999,daniel.a@email.com"
"20,Olivia,White,1985-07-15,Female,111-444-5555,olivia.w@email.com"
"21,William,Johnson,1992-02-10,Male,444-555-6666,william.j@email.com"
"22,Natalie,Moore,1981-12-08,Female,888-333-2222,natalie.m@email.com"
"23,Richard,Davis,1984-05-23,Male,333-777-8888,richard.d@email.com"
"24,Sophia,Miller,1989-10-30,Female,777-555-6666,sophia.m@email.com"
"25,Christopher,Johnson,1986-06-15,Male,222-666-8888,chris.j@email.com"
"26,Emma,Brown,1990-03-02,Female,111-444-5555,emma.b@email.com"
"27,Justin,Smith,1983-08-20,Male,555-666-7777,justin.s@email.com"
"28,Ava,Anderson,1988-01-05,Female,666-333-2222,ava.a@email.com"
"29,Brandon,White,1995-04-18,Male,333-888-9999,brandon.w@email.com"
"30,Lily,Johnson,1987-11-25,Female,888-444-5555,lily.j@email.com"
"31,Kevin,Miller,1980-06-12,Male,111-555-6666,kevin.m@email.com"
"32,Avery,Davis,1984-03-28,Female,777-666-5555,avery.d@email.com"
"33,John,Anderson,1991-10-15,Male,555-888-9999,john.a@email.com"
"34,Hannah,Moore,1982-07-30,Female,666-222-3333,hannah.m@email.com"
"35,Joseph,Johnson,1989-02-08,Male,222-444-5555,joseph.j@email.com"
"36,Grace,Smith,1986-09-25,Female,444-666-7777,grace.s@email.com"
"37,Nathan,White,1993-04-10,Male,888-555-3333,nathan.w@email.com"
"38,Sophie,Miller,1985-01-18,Female,555-333-2222,sophie.m@email.com"
"39,Tyler,Davis,1980-08-03,Male,333-444-5555,tyler.d@email.com"
"40,Chloe,Anderson,1990-05-20,Female,666-777-8888,chloe.a@email.com"
"41,Ethan,Brown,1983-02-15,Male,111-777-6666,ethan.b@email.com"
"42,Zoe,Johnson,1988-09-28,Female,777-555-4444,zoe.j@email.com"
"43,Austin,Moore,1995-12-12,Male,444-888-9999,austin.m@email.com"
"44,Leah,White,1981-07-05,Female,888-333-2222,leah.w@email.com"
"45,Cameron,Miller,1984-04-20,Male,333-555-6666,cameron.m@email.com"
"46,Ava,Smith,1989-11-15,Female,555-666-7777,ava.s@email.com"
"47,Mason,Johnson,1986-06-30,Male,222-333-4444,mason.j@email.com"
"48,Layla,Davis,1993-01-18,Female,777-888-9999,layla.d@email.com"
"49,Noah,Anderson,1982-08-02,Male,444-555-6666,noah.a@email.com"
"50,Harper,Brown,1985-03-18,Female,666-777-8888,harper.b@email.com"
"51,Samuel,Miller,1990-10-15,Male,888-444-3333,samuel.m@email.com"
"52,Addison,White,1987-05-30,Female,333-555-6666,addison.w@email.com"
"53,Logan,Johnson,1984-02-20,Male,555-666-7777,logan.j@email.com"
"54,Aubrey,Moore,1991-09-28,Female,777-444-2222,aubrey.m@email.com"
"55,Jack,Davis,1980-04-12,Male,444-666-7777,jack.d@email.com"
"56,Sarah,Smith,1995-11-05,Female,222-777-9999,sarah.s@email.com"
"57,Liam,Anderson,1988-06-20,Male,666-555-4444,liam.a@email.com"
"58,Ella,White,1983-02-15,Female,555-777-8888,ella.w@email.com"
"59,Lucas,Johnson,1992-09-28,Male,444-555-6666,lucas.j@email.com"
"60,Scarlett,Miller,1981-04-05,Female,888-333-2222,scarlett.m@email.com"
"61,Connor,Brown,1984-11-28,Male,333-777-8888,connor.b@email.com"
"62,Hazel,Smith,1990-06-12,Female,777-555-6666,hazel.s@email.com"
"63,Jackson,Johnson,1987-01-30,Male,222-666-8888,jackson.j@email.com"
"64,Abigail,Moore,1984-06-05,Female,111-222-3333,abigail.m@email.com"
"65,Owen,Davis,1994-09-18,Male,777-444-2222,owen.d@email.com"
"66,Nova,White,1982-04-03,Female,222-333-4444,nova.w@email.com"
"67,Grayson,Anderson,1993-11-28,Male,666-888-9999,grayson.a@email.com"
"68,Luna,Johnson,1985-07-15,Female,111-444-5555,luna.j@email.com"
"69,Miles,Miller,1992-02-10,Male,444-555-6666,miles.m@email.com"
"70,Stella,Brown,1981-12-08,Female,888-333-2222,stella.b@email.com"
